20/08/2021 21:43;73.0;21.0
;;
20/08/2021 21:43;73.0;21.0
;;
20/08/2021 21:43;73.0;20.9
;;
20/08/2021 21:43;73.0;20.9
;;
20/08/2021 21:43;73.0;21.0
;;
20/08/2021 21:43;73.0;21.0
;;
20/08/2021 21:43;73.0;21.0
;;
20/08/2021 21:43;73.0;21.0
;;
20/08/2021 21:43;73.0;21.0
;;
20/08/2021 21:43;73.0;21.0
;;
20/08/2021 21:43;73.0;21.0
;;
20/08/2021 21:43;73.0;21.0
;;
20/08/2021 21:43;73.0;21.0
;;
20/08/2021 21:43;73.0;21.0
;;
20/08/2021 21:43;73.0;21.0
;;
20/08/2021 21:43;73.0;21.0
;;
20/08/2021 21:43;73.0;21.0
;;
20/08/2021 21:43;73.0;21.0
;;
20/08/2021 21:43;73.0;21.0
;;
20/08/2021 21:43;73.0;21.0
;;
20/08/2021 21:43;73.0;21.0
;;
20/08/2021 21:43;73.0;21.0
;;
20/08/2021 21:43;73.0;21.0
;;
20/08/2021 21:43;73.0;21.0
;;
20/08/2021 21:43;73.0;21.0
;;
20/08/2021 21:43;73.0;21.0
;;
20/08/2021 21:43;73.0;21.0
;;
20/08/2021 21:43;73.0;21.0
;;
20/08/2021 21:43;73.0;21.0
;;
20/08/2021 21:43;73.0;21.0
;;
20/08/2021 21:43;73.0;21.0
;;
20/08/2021 21:43;73.0;21.0
;;
20/08/2021 21:43;73.0;21.0
;;
20/08/2021 21:43;73.0;21.0
;;
20/08/2021 21:43;73.0;21.0
;;
20/08/2021 21:43;73.0;21.0
;;
20/08/2021 21:43;73.0;21.0
;;
20/08/2021 21:43;73.0;21.0
;;
20/08/2021 21:43;73.0;21.0
;;
20/08/2021 21:43;73.0;21.0
;;
20/08/2021 21:43;73.0;21.0
;;
20/08/2021 21:43;73.0;21.0
;;
20/08/2021 21:43;73.0;21.0
;;
20/08/2021 21:43;73.0;21.0
;;
20/08/2021 21:43;73.0;21.0
;;
20/08/2021 21:43;73.0;21.0
;;
20/08/2021 21:43;73.0;21.0
;;
20/08/2021 21:43;73.0;21.0
;;
20/08/2021 21:44;73.0;21.0
;;
20/08/2021 21:44;73.0;21.0
;;
20/08/2021 21:44;73.0;21.0
;;
20/08/2021 21:44;73.0;21.0
;;
20/08/2021 21:44;73.0;21.0
;;
20/08/2021 21:44;73.0;21.0
;;
20/08/2021 21:44;73.0;21.0
;;
20/08/2021 21:44;73.0;21.0
;;
20/08/2021 21:44;73.0;21.0
;;
20/08/2021 21:44;73.0;21.0
;;
20/08/2021 21:44;73.0;21.0
;;
20/08/2021 21:44;73.0;21.0
;;
20/08/2021 21:44;73.0;21.0
;;
20/08/2021 21:44;73.0;21.0
;;
20/08/2021 21:44;73.0;21.0
;;
20/08/2021 21:44;73.0;21.0
;;
20/08/2021 21:44;73.0;21.0
;;
20/08/2021 21:44;73.0;21.0
;;
20/08/2021 21:44;73.0;21.0
;;
20/08/2021 21:44;73.0;21.0
;;
20/08/2021 21:44;73.0;21.0
;;
20/08/2021 21:44;73.0;21.0
;;
20/08/2021 21:44;73.0;21.0
;;
20/08/2021 21:44;73.0;21.0
;;
20/08/2021 21:44;73.0;21.0
;;
20/08/2021 21:44;73.0;21.0
;;
20/08/2021 21:44;73.0;21.0
;;
20/08/2021 21:44;73.0;21.0
;;
20/08/2021 21:44;73.0;21.0
;;
20/08/2021 21:44;73.0;21.0
;;
20/08/2021 21:44;73.0;21.0
;;
20/08/2021 21:44;73.0;21.0
;;
20/08/2021 21:44;73.0;21.0
;;
20/08/2021 21:44;73.0;21.0
;;
20/08/2021 21:44;73.0;21.0
;;
20/08/2021 21:44;73.0;21.0
;;
20/08/2021 21:44;73.0;21.0
;;
20/08/2021 21:44;73.0;21.0
;;
20/08/2021 21:44;73.0;21.0
;;
20/08/2021 21:44;73.0;21.0
;;
20/08/2021 21:44;73.0;21.0
;;
20/08/2021 21:44;73.0;21.0
;;
20/08/2021 21:44;73.0;21.0
;;
20/08/2021 21:44;73.0;21.0
;;
20/08/2021 21:44;73.0;21.0
;;
20/08/2021 21:44;73.0;21.0
;;
20/08/2021 21:44;73.0;21.0
;;
20/08/2021 21:44;73.0;21.0
;;
20/08/2021 21:44;73.0;21.0
;;
20/08/2021 21:44;73.0;21.0
;;
20/08/2021 21:44;73.0;21.0
;;
20/08/2021 21:44;73.0;21.0
;;
20/08/2021 21:44;73.0;21.0
;;
20/08/2021 21:44;73.0;21.0
;;
20/08/2021 21:44;73.0;21.0
;;
20/08/2021 21:44;73.0;21.0
;;
20/08/2021 21:44;73.0;21.0
;;
20/08/2021 21:44;73.0;21.0
;;
20/08/2021 21:44;73.0;21.0
;;
20/08/2021 21:44;73.0;21.0
;;
20/08/2021 21:45;73.0;21.0
;;
20/08/2021 21:45;73.0;21.0
;;
20/08/2021 21:45;73.0;21.0
;;
20/08/2021 21:45;73.0;21.0
;;
20/08/2021 21:45;73.0;21.0
;;
20/08/2021 21:45;73.0;21.0
;;
20/08/2021 21:45;73.0;21.0
;;
20/08/2021 21:45;73.0;21.0
;;
20/08/2021 21:45;73.0;21.0
;;
20/08/2021 21:45;73.0;21.0
;;
20/08/2021 21:45;73.0;21.0
;;
20/08/2021 21:45;73.0;21.0
;;
20/08/2021 21:45;73.0;21.0
;;
20/08/2021 21:45;73.0;21.0
;;
20/08/2021 21:45;73.0;21.1
;;
20/08/2021 21:45;73.0;21.1
;;
20/08/2021 21:45;73.0;21.1
;;
20/08/2021 21:45;73.0;21.1
;;
20/08/2021 21:45;73.0;21.0
;;
20/08/2021 21:45;73.0;21.0
;;
20/08/2021 21:45;73.0;21.1
;;
20/08/2021 21:45;73.0;21.1
;;
20/08/2021 21:45;73.0;21.1
;;
20/08/2021 21:45;73.0;21.1
;;
20/08/2021 21:45;73.0;21.1
;;
20/08/2021 21:45;73.0;21.1
;;
20/08/2021 21:45;73.0;21.1
;;
20/08/2021 21:45;73.0;21.1
;;
20/08/2021 21:45;73.0;21.1
;;
20/08/2021 21:45;73.0;21.1
;;
20/08/2021 21:45;73.0;21.1
;;
20/08/2021 21:45;73.0;21.1
;;
20/08/2021 21:45;73.0;21.1
;;
20/08/2021 21:45;73.0;21.1
;;
20/08/2021 21:45;73.0;21.1
;;
20/08/2021 21:45;73.0;21.1
;;
20/08/2021 21:45;73.0;21.1
;;
20/08/2021 21:45;73.0;21.1
;;
20/08/2021 21:45;73.0;21.1
;;
20/08/2021 21:45;73.0;21.1
;;
20/08/2021 21:45;73.0;21.1
;;
20/08/2021 21:45;73.0;21.1
;;
20/08/2021 21:45;73.0;21.1
;;
20/08/2021 21:45;73.0;21.1
;;
20/08/2021 21:45;73.0;21.1
;;
20/08/2021 21:45;73.0;21.1
;;
20/08/2021 21:45;73.0;21.1
;;
20/08/2021 21:45;73.0;21.1
;;
20/08/2021 21:45;73.0;21.1
;;
20/08/2021 21:45;73.0;21.1
;;
20/08/2021 21:45;73.0;21.1
;;
20/08/2021 21:45;73.0;21.1
;;
20/08/2021 21:45;73.0;21.1
;;
20/08/2021 21:45;73.0;21.1
;;
20/08/2021 21:45;72.0;21.1
;;
20/08/2021 21:45;72.0;21.1
;;
20/08/2021 21:45;73.0;21.1
;;
20/08/2021 21:45;73.0;21.1
;;
20/08/2021 21:45;72.0;21.1
;;
20/08/2021 21:46;72.0;21.1
;;
20/08/2021 21:46;73.0;21.1
;;
20/08/2021 21:46;73.0;21.1
;;
20/08/2021 21:46;72.0;21.1
;;
20/08/2021 21:46;72.0;21.1
;;
20/08/2021 21:46;72.0;21.1
;;
20/08/2021 21:46;72.0;21.1
;;
20/08/2021 21:46;72.0;21.1
;;
20/08/2021 21:46;72.0;21.1
;;
20/08/2021 21:46;72.0;21.1
;;
20/08/2021 21:46;72.0;21.1
;;
20/08/2021 21:46;72.0;21.1
;;
20/08/2021 21:46;72.0;21.1
;;
20/08/2021 21:46;72.0;21.1
;;
20/08/2021 21:46;72.0;21.1
;;
20/08/2021 21:46;72.0;21.1
;;
20/08/2021 21:46;72.0;21.1
;;
20/08/2021 21:46;72.0;21.1
;;
20/08/2021 21:46;72.0;21.1
;;
20/08/2021 21:46;72.0;21.1
;;
20/08/2021 21:46;72.0;21.1
;;
20/08/2021 21:46;72.0;21.1
;;
20/08/2021 21:46;72.0;21.1
;;
20/08/2021 21:46;72.0;21.1
;;
20/08/2021 21:46;72.0;21.1
;;
20/08/2021 21:46;72.0;21.1
;;
20/08/2021 21:46;72.0;21.1
;;
20/08/2021 21:46;72.0;21.1
;;
20/08/2021 21:46;72.0;21.1
;;
20/08/2021 21:46;72.0;21.1
;;
20/08/2021 21:46;72.0;21.1
;;
20/08/2021 21:46;72.0;21.1
;;
20/08/2021 21:46;72.0;21.1
;;
20/08/2021 21:46;72.0;21.1
;;
20/08/2021 21:46;72.0;21.1
;;
20/08/2021 21:46;72.0;21.1
;;
20/08/2021 21:46;72.0;21.1
;;
20/08/2021 21:46;72.0;21.1
;;
20/08/2021 21:46;72.0;21.1
;;
20/08/2021 21:46;72.0;21.1
;;
20/08/2021 21:46;72.0;21.1
;;
20/08/2021 21:46;72.0;21.1
;;
20/08/2021 21:46;72.0;21.1
;;
20/08/2021 21:46;72.0;21.1
;;
20/08/2021 21:46;72.0;21.1
;;
20/08/2021 21:46;72.0;21.1
;;
20/08/2021 21:46;72.0;21.1
;;
20/08/2021 21:46;72.0;21.1
;;
20/08/2021 21:46;72.0;21.1
;;
20/08/2021 21:46;72.0;21.1
;;
20/08/2021 21:46;72.0;21.1
;;
20/08/2021 21:46;72.0;21.1
;;
20/08/2021 21:46;72.0;21.1
;;
20/08/2021 21:46;72.0;21.1
;;
20/08/2021 21:46;72.0;21.1
;;
20/08/2021 21:46;72.0;21.1
;;
20/08/2021 21:46;72.0;21.1
;;
20/08/2021 21:46;72.0;21.1
;;
20/08/2021 21:46;72.0;21.1
;;
20/08/2021 21:47;72.0;21.1
;;
20/08/2021 21:47;72.0;21.1
;;
20/08/2021 21:47;72.0;21.1
;;
20/08/2021 21:47;72.0;21.1
;;
20/08/2021 21:47;72.0;21.1
;;
20/08/2021 21:47;72.0;21.1
;;
20/08/2021 21:47;72.0;21.1
;;
20/08/2021 21:47;72.0;21.1
;;
20/08/2021 21:47;72.0;21.1
;;
20/08/2021 21:47;72.0;21.1
;;
20/08/2021 21:47;72.0;21.1
;;
20/08/2021 21:47;72.0;21.1
;;
20/08/2021 21:47;72.0;21.1
;;
20/08/2021 21:47;72.0;21.1
;;
20/08/2021 21:47;72.0;21.1
;;
20/08/2021 21:47;72.0;21.1
;;
20/08/2021 21:47;72.0;21.1
;;
20/08/2021 21:47;72.0;21.1
;;
20/08/2021 21:47;72.0;21.1
;;
20/08/2021 21:47;72.0;21.1
;;
20/08/2021 21:47;72.0;21.1
;;
20/08/2021 21:47;72.0;21.1
;;
20/08/2021 21:47;72.0;21.1
;;
20/08/2021 21:47;72.0;21.1
;;
20/08/2021 21:47;72.0;21.1
;;
20/08/2021 21:47;72.0;21.1
;;
20/08/2021 21:47;72.0;21.1
;;
20/08/2021 21:47;72.0;21.1
;;
20/08/2021 21:47;72.0;21.1
;;
20/08/2021 21:47;72.0;21.1
;;
20/08/2021 21:47;72.0;21.1
;;
20/08/2021 21:47;72.0;21.1
;;
20/08/2021 21:47;72.0;21.1
;;
20/08/2021 21:47;72.0;21.1
;;
20/08/2021 21:47;72.0;21.1
;;
20/08/2021 21:47;72.0;21.1
;;
20/08/2021 21:47;72.0;21.1
;;
20/08/2021 21:47;72.0;21.1
;;
20/08/2021 21:47;72.0;21.1
;;
20/08/2021 21:47;72.0;21.1
;;
20/08/2021 21:47;72.0;21.1
;;
20/08/2021 21:47;72.0;21.1
;;
20/08/2021 21:47;72.0;21.1
;;
20/08/2021 21:47;72.0;21.1
;;
20/08/2021 21:47;72.0;21.1
;;
20/08/2021 21:47;72.0;21.1
;;
20/08/2021 21:47;72.0;21.1
;;
20/08/2021 21:47;72.0;21.1
;;
20/08/2021 21:47;72.0;21.1
;;
20/08/2021 21:47;72.0;21.1
;;
20/08/2021 21:47;72.0;21.1
;;
20/08/2021 21:47;72.0;21.1
;;
20/08/2021 21:47;72.0;21.1
;;
20/08/2021 21:47;72.0;21.1
;;
20/08/2021 21:47;72.0;21.1
;;
20/08/2021 21:47;72.0;21.1
;;
20/08/2021 21:47;72.0;21.1
;;
20/08/2021 21:47;72.0;21.1
;;
20/08/2021 21:47;72.0;21.1
;;
20/08/2021 21:48;72.0;21.1
;;
20/08/2021 21:48;72.0;21.1
;;
20/08/2021 21:48;72.0;21.1
;;
20/08/2021 21:48;72.0;21.1
;;
20/08/2021 21:48;72.0;21.1
;;
20/08/2021 21:48;72.0;21.1
;;
20/08/2021 21:48;72.0;21.1
;;
20/08/2021 21:48;72.0;21.1
;;
20/08/2021 21:48;72.0;21.1
;;
20/08/2021 21:48;72.0;21.1
;;
20/08/2021 21:48;72.0;21.1
;;
20/08/2021 21:48;72.0;21.1
;;
20/08/2021 21:48;72.0;21.1
;;
20/08/2021 21:48;72.0;21.1
;;
20/08/2021 21:48;72.0;21.1
;;
20/08/2021 21:48;72.0;21.1
;;
20/08/2021 21:48;72.0;21.1
;;
20/08/2021 21:48;72.0;21.1
;;
20/08/2021 21:48;72.0;21.1
;;
20/08/2021 21:48;72.0;21.1
;;
20/08/2021 21:48;72.0;21.1
;;
20/08/2021 21:48;72.0;21.1
;;
20/08/2021 21:48;72.0;21.1
;;
20/08/2021 21:48;72.0;21.1
;;
20/08/2021 21:48;72.0;21.1
;;
20/08/2021 21:48;72.0;21.2
;;
20/08/2021 21:48;72.0;21.2
;;
20/08/2021 21:48;72.0;21.2
;;
20/08/2021 21:48;72.0;21.2
;;
20/08/2021 21:48;72.0;21.2
;;
20/08/2021 21:48;72.0;21.2
;;
20/08/2021 21:48;72.0;21.2
;;
20/08/2021 21:48;72.0;21.2
;;
20/08/2021 21:48;72.0;21.2
;;
20/08/2021 21:48;72.0;21.2
;;
20/08/2021 21:48;72.0;21.3
;;
20/08/2021 21:48;72.0;21.3
;;
20/08/2021 21:48;72.0;21.3
;;
20/08/2021 21:48;72.0;21.3
;;
20/08/2021 21:48;72.0;21.3
;;
20/08/2021 21:48;72.0;21.3
;;
20/08/2021 21:48;72.0;21.3
;;
20/08/2021 21:48;72.0;21.3
;;
20/08/2021 21:48;72.0;21.4
;;
20/08/2021 21:48;72.0;21.4
;;
20/08/2021 21:48;72.0;21.4
;;
20/08/2021 21:48;72.0;21.4
;;
20/08/2021 21:48;72.0;21.4
;;
20/08/2021 21:48;72.0;21.4
;;
20/08/2021 21:48;72.0;21.4
;;
20/08/2021 21:48;72.0;21.4
;;
20/08/2021 21:48;72.0;21.4
;;
20/08/2021 21:48;72.0;21.4
;;
20/08/2021 21:48;72.0;21.4
;;
20/08/2021 21:48;72.0;21.4
;;
20/08/2021 21:48;72.0;21.4
;;
20/08/2021 21:48;72.0;21.4
;;
20/08/2021 21:48;72.0;21.4
;;
20/08/2021 21:48;72.0;21.4
;;
20/08/2021 21:49;72.0;21.4
;;
20/08/2021 21:49;72.0;21.4
;;
20/08/2021 21:49;72.0;21.4
;;
20/08/2021 21:49;72.0;21.4
;;
20/08/2021 21:49;72.0;21.4
;;
20/08/2021 21:49;72.0;21.4
;;
20/08/2021 21:49;72.0;21.4
;;
20/08/2021 21:49;72.0;21.4
;;
20/08/2021 21:49;72.0;21.4
;;
20/08/2021 21:49;72.0;21.4
;;
20/08/2021 21:49;72.0;21.4
;;
20/08/2021 21:49;72.0;21.4
;;
20/08/2021 21:49;72.0;21.4
;;
20/08/2021 21:49;72.0;21.4
;;
20/08/2021 21:49;72.0;21.4
;;
20/08/2021 21:49;72.0;21.4
;;
20/08/2021 21:49;72.0;21.4
;;
20/08/2021 21:49;72.0;21.4
;;
20/08/2021 21:49;72.0;21.4
;;
20/08/2021 21:49;72.0;21.4
;;
20/08/2021 21:49;72.0;21.4
;;
20/08/2021 21:49;72.0;21.4
;;
20/08/2021 21:49;72.0;21.4
;;
20/08/2021 21:49;72.0;21.4
;;
20/08/2021 21:49;71.0;21.4
;;
20/08/2021 21:49;71.0;21.4
;;
20/08/2021 21:49;71.0;21.4
;;
20/08/2021 21:49;71.0;21.4
;;
20/08/2021 21:49;71.0;21.4
;;
20/08/2021 21:49;71.0;21.4
;;
20/08/2021 21:49;71.0;21.4
;;
20/08/2021 21:49;71.0;21.4
;;
20/08/2021 21:49;71.0;21.4
;;
20/08/2021 21:49;71.0;21.4
;;
20/08/2021 21:49;71.0;21.4
;;
20/08/2021 21:49;71.0;21.4
;;
20/08/2021 21:49;71.0;21.4
;;
20/08/2021 21:49;71.0;21.4
;;
20/08/2021 21:49;71.0;21.4
;;
20/08/2021 21:49;71.0;21.4
;;
20/08/2021 21:49;71.0;21.4
;;
20/08/2021 21:49;71.0;21.4
;;
20/08/2021 21:49;71.0;21.4
;;
20/08/2021 21:49;71.0;21.4
;;
20/08/2021 21:49;71.0;21.4
;;
20/08/2021 21:49;71.0;21.4
;;
20/08/2021 21:49;71.0;21.4
;;
20/08/2021 21:49;71.0;21.4
;;
20/08/2021 21:49;71.0;21.4
;;
20/08/2021 21:49;71.0;21.4
;;
20/08/2021 21:49;71.0;21.4
;;
20/08/2021 21:49;71.0;21.4
;;
20/08/2021 21:49;71.0;21.4
;;
20/08/2021 21:49;71.0;21.4
;;
20/08/2021 21:49;71.0;21.4
;;
20/08/2021 21:49;71.0;21.4
;;
20/08/2021 21:49;71.0;21.4
;;
20/08/2021 21:49;71.0;21.4
;;
20/08/2021 21:49;71.0;21.4
;;
20/08/2021 21:49;71.0;21.4
;;
20/08/2021 21:50;71.0;21.4
;;
20/08/2021 21:50;71.0;21.4
;;
20/08/2021 21:50;71.0;21.4
;;
20/08/2021 21:50;71.0;21.4
;;
20/08/2021 21:50;71.0;21.4
;;
20/08/2021 21:50;71.0;21.4
;;
20/08/2021 21:50;71.0;21.4
;;
20/08/2021 21:50;71.0;21.4
;;
20/08/2021 21:50;71.0;21.4
;;
20/08/2021 21:50;71.0;21.4
;;
20/08/2021 21:50;71.0;21.3
;;
20/08/2021 21:50;71.0;21.3
;;
20/08/2021 21:50;71.0;21.3
;;
20/08/2021 21:50;71.0;21.3
;;
20/08/2021 21:50;71.0;21.3
;;
20/08/2021 21:50;71.0;21.3
;;
20/08/2021 21:50;71.0;21.3
;;
20/08/2021 21:50;71.0;21.3
;;
20/08/2021 21:50;71.0;21.3
;;
20/08/2021 21:50;71.0;21.3
;;
20/08/2021 21:50;71.0;21.3
;;
20/08/2021 21:50;71.0;21.3
;;
20/08/2021 21:50;71.0;21.3
;;
20/08/2021 21:50;71.0;21.3
;;
20/08/2021 21:50;71.0;21.3
;;
20/08/2021 21:50;71.0;21.3
;;
20/08/2021 21:50;71.0;21.3
;;
20/08/2021 21:50;71.0;21.3
;;
20/08/2021 21:50;71.0;21.3
;;
20/08/2021 21:50;71.0;21.3
;;
20/08/2021 21:50;71.0;21.3
;;
20/08/2021 21:50;71.0;21.3
;;
20/08/2021 21:50;71.0;21.3
;;
20/08/2021 21:50;71.0;21.3
;;
20/08/2021 21:50;71.0;21.3
;;
20/08/2021 21:50;71.0;21.3
;;
20/08/2021 21:50;71.0;21.3
;;
20/08/2021 21:50;71.0;21.3
;;
20/08/2021 21:50;71.0;21.3
;;
20/08/2021 21:50;71.0;21.3
;;
20/08/2021 21:50;71.0;21.3
;;
20/08/2021 21:50;71.0;21.3
;;
20/08/2021 21:50;71.0;21.3
;;
20/08/2021 21:50;71.0;21.3
;;
20/08/2021 21:50;71.0;21.3
;;
20/08/2021 21:50;71.0;21.3
;;
20/08/2021 21:50;71.0;21.3
;;
20/08/2021 21:50;71.0;21.3
;;
20/08/2021 21:50;71.0;21.3
;;
20/08/2021 21:50;71.0;21.3
;;
20/08/2021 21:50;71.0;21.3
;;
20/08/2021 21:50;71.0;21.3
;;
20/08/2021 21:50;71.0;21.3
;;
20/08/2021 21:50;71.0;21.3
;;
20/08/2021 21:50;71.0;21.3
;;
20/08/2021 21:50;71.0;21.3
;;
20/08/2021 21:50;71.0;21.3
;;
20/08/2021 21:50;71.0;21.3
;;
20/08/2021 21:50;71.0;21.3
;;
20/08/2021 21:51;71.0;21.3
;;
20/08/2021 21:51;71.0;21.3
;;
20/08/2021 21:51;71.0;21.3
;;
20/08/2021 21:51;71.0;21.3
;;
20/08/2021 21:51;71.0;21.3
;;
20/08/2021 21:51;71.0;21.3
;;
20/08/2021 21:51;71.0;21.3
;;
20/08/2021 21:51;71.0;21.3
;;
20/08/2021 21:51;71.0;21.3
;;
20/08/2021 21:51;71.0;21.3
;;
20/08/2021 21:51;71.0;21.3
;;
20/08/2021 21:51;71.0;21.3
;;
20/08/2021 21:51;71.0;21.3
;;
20/08/2021 21:51;71.0;21.3
;;
20/08/2021 21:51;71.0;21.3
;;
20/08/2021 21:51;71.0;21.3
;;
20/08/2021 21:51;71.0;21.3
;;
20/08/2021 21:51;71.0;21.3
;;
20/08/2021 21:51;71.0;21.3
;;
20/08/2021 21:51;71.0;21.3
;;
20/08/2021 21:51;71.0;21.3
;;
20/08/2021 21:51;71.0;21.3
;;
20/08/2021 21:51;71.0;21.3
;;
20/08/2021 21:51;71.0;21.3
;;
20/08/2021 21:51;71.0;21.3
;;
20/08/2021 21:51;71.0;21.3
;;
20/08/2021 21:51;71.0;21.3
;;
20/08/2021 21:51;71.0;21.3
;;
20/08/2021 21:51;71.0;21.3
;;
20/08/2021 21:51;71.0;21.3
;;
20/08/2021 21:51;71.0;21.3
;;
20/08/2021 21:51;71.0;21.3
;;
20/08/2021 21:51;71.0;21.3
;;
20/08/2021 21:51;71.0;21.3
;;
20/08/2021 21:51;71.0;21.3
;;
20/08/2021 21:51;71.0;21.3
;;
20/08/2021 21:51;71.0;21.3
;;
20/08/2021 21:51;71.0;21.3
;;
20/08/2021 21:51;71.0;21.3
;;
20/08/2021 21:51;71.0;21.3
;;
20/08/2021 21:51;71.0;21.3
;;
20/08/2021 21:51;71.0;21.3
;;
20/08/2021 21:51;71.0;21.3
;;
20/08/2021 21:51;71.0;21.3
;;
20/08/2021 21:51;71.0;21.3
;;
20/08/2021 21:51;71.0;21.3
;;
20/08/2021 21:51;71.0;21.3
;;
20/08/2021 21:51;71.0;21.3
;;
20/08/2021 21:51;71.0;21.3
;;
20/08/2021 21:51;71.0;21.3
;;
20/08/2021 21:51;71.0;21.3
;;
20/08/2021 21:51;71.0;21.3
;;
20/08/2021 21:51;71.0;21.3
;;
20/08/2021 21:51;71.0;21.3
;;
20/08/2021 21:51;71.0;21.3
;;
20/08/2021 21:51;71.0;21.3
;;
20/08/2021 21:51;71.0;21.3
;;
20/08/2021 21:51;71.0;21.3
;;
20/08/2021 21:51;71.0;21.3
;;
20/08/2021 21:52;71.0;21.4
;;
20/08/2021 21:52;71.0;21.4
;;
20/08/2021 21:52;71.0;21.4
;;
20/08/2021 21:52;71.0;21.4
;;
20/08/2021 21:52;71.0;21.4
;;
20/08/2021 21:52;71.0;21.4
;;
20/08/2021 21:52;71.0;21.4
;;
20/08/2021 21:52;71.0;21.4
;;
20/08/2021 21:52;71.0;21.4
;;
20/08/2021 21:52;71.0;21.4
;;
20/08/2021 21:52;71.0;21.5
;;
20/08/2021 21:52;71.0;21.5
;;
20/08/2021 21:52;71.0;21.5
;;
20/08/2021 21:52;71.0;21.5
;;
20/08/2021 21:52;71.0;21.5
;;
20/08/2021 21:52;71.0;21.5
;;
20/08/2021 21:52;71.0;21.5
;;
20/08/2021 21:52;71.0;21.5
;;
20/08/2021 21:52;71.0;21.5
;;
20/08/2021 21:52;71.0;21.5
;;
20/08/2021 21:52;71.0;21.5
;;
20/08/2021 21:52;71.0;21.5
;;
20/08/2021 21:52;71.0;21.6
;;
20/08/2021 21:52;71.0;21.6
;;
20/08/2021 21:52;71.0;21.6
;;
20/08/2021 21:52;71.0;21.6
;;
20/08/2021 21:52;70.0;21.6
;;
20/08/2021 21:52;70.0;21.6
;;
20/08/2021 21:52;70.0;21.6
;;
20/08/2021 21:52;70.0;21.6
;;
20/08/2021 21:52;70.0;21.6
;;
20/08/2021 21:52;70.0;21.6
;;
20/08/2021 21:52;70.0;21.6
;;
20/08/2021 21:52;70.0;21.6
;;
20/08/2021 21:52;70.0;21.6
;;
20/08/2021 21:52;70.0;21.6
;;
20/08/2021 21:52;70.0;21.6
;;
20/08/2021 21:52;70.0;21.6
;;
20/08/2021 21:52;70.0;21.6
;;
20/08/2021 21:52;70.0;21.6
;;
20/08/2021 21:52;70.0;21.6
;;
20/08/2021 21:52;70.0;21.6
;;
20/08/2021 21:52;70.0;21.6
;;
20/08/2021 21:52;70.0;21.6
;;
20/08/2021 21:52;70.0;21.6
;;
20/08/2021 21:52;70.0;21.6
;;
20/08/2021 21:52;70.0;21.6
;;
20/08/2021 21:52;70.0;21.6
;;
20/08/2021 21:52;70.0;21.6
;;
20/08/2021 21:52;70.0;21.6
;;
20/08/2021 21:52;70.0;21.6
;;
20/08/2021 21:52;70.0;21.6
;;
20/08/2021 21:52;70.0;21.6
;;
20/08/2021 21:52;70.0;21.6
;;
20/08/2021 21:52;70.0;21.6
;;
20/08/2021 21:52;70.0;21.6
;;
20/08/2021 21:52;70.0;21.6
;;
20/08/2021 21:52;70.0;21.6
;;
20/08/2021 21:52;70.0;21.6
;;
20/08/2021 21:53;70.0;21.6
;;
20/08/2021 21:53;70.0;21.6
;;
20/08/2021 21:53;70.0;21.6
;;
20/08/2021 21:53;70.0;21.5
;;
20/08/2021 21:53;70.0;21.5
;;
20/08/2021 21:53;70.0;21.5
;;
20/08/2021 21:53;70.0;21.5
;;
20/08/2021 21:53;70.0;21.5
;;
20/08/2021 21:53;70.0;21.5
;;
20/08/2021 21:53;70.0;21.5
;;
20/08/2021 21:53;70.0;21.5
;;
20/08/2021 21:53;70.0;21.5
;;
20/08/2021 21:53;70.0;21.5
;;
20/08/2021 21:53;70.0;21.5
;;
20/08/2021 21:53;70.0;21.5
;;
20/08/2021 21:53;70.0;21.5
;;
20/08/2021 21:53;70.0;21.5
;;
20/08/2021 21:53;70.0;21.5
;;
20/08/2021 21:53;70.0;21.5
;;
20/08/2021 21:53;70.0;21.5
;;
20/08/2021 21:53;70.0;21.5
;;
20/08/2021 21:53;70.0;21.5
;;
20/08/2021 21:53;70.0;21.5
;;
20/08/2021 21:53;70.0;21.5
;;
20/08/2021 21:53;70.0;21.5
;;
20/08/2021 21:53;70.0;21.5
;;
20/08/2021 21:53;70.0;21.5
;;
20/08/2021 21:53;70.0;21.5
;;
20/08/2021 21:53;70.0;21.5
;;
20/08/2021 21:53;70.0;21.5
;;
20/08/2021 21:53;70.0;21.5
;;
20/08/2021 21:53;70.0;21.5
;;
20/08/2021 21:53;70.0;21.5
;;
20/08/2021 21:53;70.0;21.5
;;
20/08/2021 21:53;70.0;21.5
;;
20/08/2021 21:53;70.0;21.5
;;
20/08/2021 21:53;70.0;21.5
;;
20/08/2021 21:53;70.0;21.5
;;
20/08/2021 21:53;70.0;21.5
;;
20/08/2021 21:53;70.0;21.5
;;
20/08/2021 21:53;70.0;21.5
;;
20/08/2021 21:53;70.0;21.5
;;
20/08/2021 21:53;70.0;21.5
;;
20/08/2021 21:53;70.0;21.5
;;
20/08/2021 21:53;70.0;21.5
;;
20/08/2021 21:53;70.0;21.5
;;
20/08/2021 21:53;70.0;21.5
;;
20/08/2021 21:53;70.0;21.5
;;
20/08/2021 21:53;70.0;21.5
;;
20/08/2021 21:53;70.0;21.4
;;
20/08/2021 21:53;70.0;21.4
;;
20/08/2021 21:53;70.0;21.4
;;
20/08/2021 21:53;70.0;21.4
;;
20/08/2021 21:53;70.0;21.4
;;
20/08/2021 21:53;70.0;21.4
;;
20/08/2021 21:53;70.0;21.4
;;
20/08/2021 21:53;70.0;21.4
;;
20/08/2021 21:53;70.0;21.4
;;
20/08/2021 21:53;70.0;21.4
;;
20/08/2021 21:54;70.0;21.4
;;
20/08/2021 21:54;70.0;21.4
;;
20/08/2021 21:54;70.0;21.4
;;
20/08/2021 21:54;70.0;21.4
;;
20/08/2021 21:54;70.0;21.4
;;
20/08/2021 21:54;70.0;21.4
;;
20/08/2021 21:54;70.0;21.4
;;
20/08/2021 21:54;70.0;21.4
;;
20/08/2021 21:54;70.0;21.4
;;
20/08/2021 21:54;70.0;21.4
;;
20/08/2021 21:54;70.0;21.4
;;
20/08/2021 21:54;70.0;21.4
;;
20/08/2021 21:54;70.0;21.4
;;
20/08/2021 21:54;70.0;21.4
;;
20/08/2021 21:54;70.0;21.4
;;
20/08/2021 21:54;70.0;21.4
;;
20/08/2021 21:54;70.0;21.4
;;
20/08/2021 21:54;70.0;21.4
;;
20/08/2021 21:54;70.0;21.4
;;
20/08/2021 21:54;70.0;21.4
;;
20/08/2021 21:54;70.0;21.4
;;
20/08/2021 21:54;70.0;21.4
;;
20/08/2021 21:54;71.0;21.4
;;
20/08/2021 21:54;71.0;21.4
;;
20/08/2021 21:54;71.0;21.4
;;
20/08/2021 21:54;71.0;21.4
;;
20/08/2021 21:54;71.0;21.4
;;
20/08/2021 21:54;71.0;21.4
;;
20/08/2021 21:54;71.0;21.4
;;
20/08/2021 21:54;71.0;21.4
;;
20/08/2021 21:54;71.0;21.5
;;
20/08/2021 21:54;71.0;21.5
;;
20/08/2021 21:54;71.0;21.5
;;
20/08/2021 21:54;71.0;21.5
;;
20/08/2021 21:54;71.0;21.5
;;
20/08/2021 21:54;71.0;21.5
;;
20/08/2021 21:54;71.0;21.6
;;
20/08/2021 21:54;71.0;21.6
;;
20/08/2021 21:54;71.0;21.6
;;
20/08/2021 21:54;71.0;21.6
;;
20/08/2021 21:54;71.0;21.6
;;
20/08/2021 21:54;71.0;21.6
;;
20/08/2021 21:54;71.0;21.6
;;
20/08/2021 21:54;71.0;21.6
;;
20/08/2021 21:54;70.0;21.6
;;
20/08/2021 21:54;70.0;21.6
;;
20/08/2021 21:54;70.0;21.6
;;
20/08/2021 21:54;70.0;21.6
;;
20/08/2021 21:54;70.0;21.7
;;
20/08/2021 21:54;70.0;21.7
;;
20/08/2021 21:54;70.0;21.7
;;
20/08/2021 21:54;70.0;21.7
;;
20/08/2021 21:54;70.0;21.7
;;
20/08/2021 21:54;70.0;21.7
;;
20/08/2021 21:54;70.0;21.7
;;
20/08/2021 21:54;70.0;21.7
;;
20/08/2021 21:54;70.0;21.7
;;
20/08/2021 21:54;70.0;21.7
;;
20/08/2021 21:54;70.0;21.7
;;
20/08/2021 21:55;70.0;21.7
;;
20/08/2021 21:55;70.0;21.7
;;
20/08/2021 21:55;70.0;21.7
;;
20/08/2021 21:55;70.0;21.7
;;
20/08/2021 21:55;70.0;21.7
;;
20/08/2021 21:55;70.0;21.7
;;
20/08/2021 21:55;70.0;21.7
;;
20/08/2021 21:55;70.0;21.7
;;
20/08/2021 21:55;70.0;21.7
;;
20/08/2021 21:55;70.0;21.7
;;
20/08/2021 21:55;70.0;21.7
;;
20/08/2021 21:55;70.0;21.7
;;
20/08/2021 21:55;70.0;21.7
;;
20/08/2021 21:55;70.0;21.7
;;
20/08/2021 21:55;70.0;21.7
;;
20/08/2021 21:55;70.0;21.7
;;
20/08/2021 21:55;70.0;21.7
;;
20/08/2021 21:55;70.0;21.7
;;
20/08/2021 21:55;70.0;21.7
;;
20/08/2021 21:55;70.0;21.7
;;
20/08/2021 21:55;70.0;21.7
;;
20/08/2021 21:55;70.0;21.7
;;
20/08/2021 21:55;70.0;21.7
;;
20/08/2021 21:55;69.0;21.7
;;
20/08/2021 21:55;69.0;21.7
;;
20/08/2021 21:55;69.0;21.7
;;
20/08/2021 21:55;69.0;21.7
;;
20/08/2021 21:55;69.0;21.6
;;
20/08/2021 21:55;69.0;21.6
;;
20/08/2021 21:55;69.0;21.6
;;
20/08/2021 21:55;69.0;21.6
;;
20/08/2021 21:55;69.0;21.6
;;
20/08/2021 21:55;69.0;21.6
;;
20/08/2021 21:55;69.0;21.6
;;
20/08/2021 21:55;69.0;21.6
;;
20/08/2021 21:55;69.0;21.6
;;
20/08/2021 21:55;69.0;21.6
;;
20/08/2021 21:55;69.0;21.6
;;
20/08/2021 21:55;69.0;21.6
;;
20/08/2021 21:55;69.0;21.6
;;
20/08/2021 21:55;69.0;21.6
;;
20/08/2021 21:55;69.0;21.6
;;
20/08/2021 21:55;69.0;21.6
;;
20/08/2021 21:55;69.0;21.6
;;
20/08/2021 21:55;69.0;21.6
;;
20/08/2021 21:55;69.0;21.6
;;
20/08/2021 21:55;69.0;21.6
;;
20/08/2021 21:55;69.0;21.6
;;
20/08/2021 21:55;69.0;21.6
;;
20/08/2021 21:55;69.0;21.6
;;
20/08/2021 21:55;69.0;21.6
;;
20/08/2021 21:55;69.0;21.6
;;
20/08/2021 21:55;69.0;21.6
;;
20/08/2021 21:55;69.0;21.6
;;
20/08/2021 21:55;69.0;21.6
;;
20/08/2021 21:55;69.0;21.6
;;
20/08/2021 21:55;69.0;21.6
;;
20/08/2021 21:55;69.0;21.6
;;
20/08/2021 21:55;69.0;21.6
;;
20/08/2021 21:55;69.0;21.6
;;
20/08/2021 21:56;69.0;21.6
;;
20/08/2021 21:56;69.0;21.6
;;
20/08/2021 21:56;69.0;21.6
;;
20/08/2021 21:56;69.0;21.6
;;
20/08/2021 21:56;69.0;21.6
;;
20/08/2021 21:56;69.0;21.6
;;
20/08/2021 21:56;69.0;21.6
;;
20/08/2021 21:56;69.0;21.6
;;
20/08/2021 21:56;69.0;21.6
;;
20/08/2021 21:56;69.0;21.6
;;
20/08/2021 21:56;69.0;21.6
;;
20/08/2021 21:56;69.0;21.5
;;
20/08/2021 21:56;69.0;21.5
;;
20/08/2021 21:56;69.0;21.5
;;
20/08/2021 21:56;69.0;21.5
;;
20/08/2021 21:56;69.0;21.5
;;
20/08/2021 21:56;69.0;21.5
;;
20/08/2021 21:56;69.0;21.5
;;
20/08/2021 21:56;69.0;21.5
;;
20/08/2021 21:56;70.0;21.5
;;
20/08/2021 21:56;70.0;21.5
;;
20/08/2021 21:56;70.0;21.5
;;
20/08/2021 21:56;70.0;21.5
;;
20/08/2021 21:56;70.0;21.5
;;
20/08/2021 21:56;70.0;21.5
;;
20/08/2021 21:56;70.0;21.5
;;
20/08/2021 21:56;70.0;21.5
;;
20/08/2021 21:56;69.0;21.5
;;
20/08/2021 21:56;69.0;21.5
;;
20/08/2021 21:56;69.0;21.5
;;
20/08/2021 21:56;69.0;21.5
;;
20/08/2021 21:56;70.0;21.5
;;
20/08/2021 21:56;70.0;21.5
;;
20/08/2021 21:56;70.0;21.5
;;
20/08/2021 21:56;70.0;21.5
;;
20/08/2021 21:56;70.0;21.5
;;
20/08/2021 21:56;70.0;21.5
;;
20/08/2021 21:56;70.0;21.5
;;
20/08/2021 21:56;70.0;21.5
;;
20/08/2021 21:56;70.0;21.5
;;
20/08/2021 21:56;70.0;21.5
;;
20/08/2021 21:56;70.0;21.5
;;
20/08/2021 21:56;70.0;21.5
;;
20/08/2021 21:56;70.0;21.5
;;
20/08/2021 21:56;70.0;21.5
;;
20/08/2021 21:56;70.0;21.5
;;
20/08/2021 21:56;70.0;21.5
;;
20/08/2021 21:56;70.0;21.5
;;
20/08/2021 21:56;70.0;21.5
;;
20/08/2021 21:56;70.0;21.5
;;
20/08/2021 21:56;70.0;21.5
;;
20/08/2021 21:56;70.0;21.5
;;
20/08/2021 21:56;70.0;21.5
;;
20/08/2021 21:56;70.0;21.5
;;
20/08/2021 21:56;70.0;21.5
;;
20/08/2021 21:56;70.0;21.5
;;
20/08/2021 21:56;70.0;21.5
;;
20/08/2021 21:56;70.0;21.5
;;
20/08/2021 21:56;70.0;21.5
;;
20/08/2021 21:57;70.0;21.5
;;
20/08/2021 21:57;70.0;21.5
;;
20/08/2021 21:57;70.0;21.5
;;
20/08/2021 21:57;70.0;21.5
;;
20/08/2021 21:57;70.0;21.5
;;
20/08/2021 21:57;70.0;21.5
;;
20/08/2021 21:57;70.0;21.5
;;
20/08/2021 21:57;70.0;21.5
;;
20/08/2021 21:57;70.0;21.5
;;
20/08/2021 21:57;70.0;21.5
;;
20/08/2021 21:57;70.0;21.6
;;
20/08/2021 21:57;70.0;21.6
;;
20/08/2021 21:57;70.0;21.6
;;
20/08/2021 21:57;70.0;21.6
;;
20/08/2021 21:57;70.0;21.6
;;
20/08/2021 21:57;70.0;21.6
;;
20/08/2021 21:57;70.0;21.6
;;
20/08/2021 21:57;70.0;21.6
;;
20/08/2021 21:57;70.0;21.7
;;
20/08/2021 21:57;70.0;21.7
;;
20/08/2021 21:57;70.0;21.7
;;
20/08/2021 21:57;70.0;21.7
;;
20/08/2021 21:57;70.0;21.7
;;
20/08/2021 21:57;70.0;21.7
;;
20/08/2021 21:57;70.0;21.7
;;
20/08/2021 21:57;70.0;21.7
;;
20/08/2021 21:57;70.0;21.7
;;
20/08/2021 21:57;70.0;21.7
;;
20/08/2021 21:57;70.0;21.7
;;
20/08/2021 21:57;70.0;21.7
;;
20/08/2021 21:57;70.0;21.7
;;
20/08/2021 21:57;70.0;21.7
;;
20/08/2021 21:57;70.0;21.7
;;
20/08/2021 21:57;70.0;21.7
;;
20/08/2021 21:57;70.0;21.7
;;
20/08/2021 21:57;70.0;21.7
;;
20/08/2021 21:57;70.0;21.7
;;
20/08/2021 21:57;70.0;21.7
;;
20/08/2021 21:57;70.0;21.7
;;
20/08/2021 21:57;70.0;21.7
;;
20/08/2021 21:57;70.0;21.7
;;
20/08/2021 21:57;70.0;21.7
;;
20/08/2021 21:57;70.0;21.7
;;
20/08/2021 21:57;70.0;21.7
;;
20/08/2021 21:57;69.0;21.7
;;
20/08/2021 21:57;69.0;21.7
;;
20/08/2021 21:57;69.0;21.7
;;
20/08/2021 21:57;69.0;21.7
;;
20/08/2021 21:57;69.0;21.7
;;
20/08/2021 21:57;69.0;21.7
;;
20/08/2021 21:57;69.0;21.7
;;
20/08/2021 21:57;69.0;21.7
;;
20/08/2021 21:57;69.0;21.7
;;
20/08/2021 21:57;69.0;21.7
;;
20/08/2021 21:57;69.0;21.7
;;
20/08/2021 21:57;69.0;21.7
;;
20/08/2021 21:57;69.0;21.7
;;
20/08/2021 21:57;69.0;21.7
;;
20/08/2021 21:57;69.0;21.7
;;
20/08/2021 21:58;69.0;21.7
;;
20/08/2021 21:58;69.0;21.7
;;
20/08/2021 21:58;69.0;21.7
;;
20/08/2021 21:58;69.0;21.7
;;
20/08/2021 21:58;69.0;21.7
;;
20/08/2021 21:58;69.0;21.7
;;
20/08/2021 21:58;69.0;21.7
;;
20/08/2021 21:58;69.0;21.7
;;
20/08/2021 21:58;69.0;21.7
;;
20/08/2021 21:58;69.0;21.7
;;
20/08/2021 21:58;69.0;21.7
;;
20/08/2021 21:58;69.0;21.7
;;
20/08/2021 21:58;69.0;21.7
;;
20/08/2021 21:58;69.0;21.7
;;
20/08/2021 21:58;69.0;21.7
;;
20/08/2021 21:58;69.0;21.7
;;
20/08/2021 21:58;69.0;21.7
;;
20/08/2021 21:58;69.0;21.7
;;
20/08/2021 21:58;69.0;21.7
;;
20/08/2021 21:58;69.0;21.6
;;
20/08/2021 21:58;69.0;21.6
;;
20/08/2021 21:58;69.0;21.6
;;
20/08/2021 21:58;69.0;21.6
;;
20/08/2021 21:58;69.0;21.6
;;
20/08/2021 21:58;69.0;21.6
;;
20/08/2021 21:58;69.0;21.6
;;
20/08/2021 21:58;69.0;21.6
;;
20/08/2021 21:58;69.0;21.6
;;
20/08/2021 21:58;69.0;21.6
;;
20/08/2021 21:58;69.0;21.6
;;
20/08/2021 21:58;69.0;21.6
;;
20/08/2021 21:58;69.0;21.6
;;
20/08/2021 21:58;69.0;21.6
;;
20/08/2021 21:58;69.0;21.6
;;
20/08/2021 21:58;69.0;21.6
;;
20/08/2021 21:58;69.0;21.6
;;
20/08/2021 21:58;69.0;21.6
;;
20/08/2021 21:58;69.0;21.6
;;
20/08/2021 21:58;69.0;21.6
;;
20/08/2021 21:58;69.0;21.6
;;
20/08/2021 21:58;69.0;21.6
;;
20/08/2021 21:58;69.0;21.6
;;
20/08/2021 21:58;69.0;21.6
;;
20/08/2021 21:58;69.0;21.6
;;
20/08/2021 21:58;69.0;21.6
;;
20/08/2021 21:58;69.0;21.6
;;
20/08/2021 21:58;69.0;21.6
;;
20/08/2021 21:58;69.0;21.6
;;
20/08/2021 21:58;69.0;21.6
;;
20/08/2021 21:58;69.0;21.6
;;
20/08/2021 21:58;69.0;21.6
;;
20/08/2021 21:58;69.0;21.6
;;
20/08/2021 21:58;69.0;21.6
;;
20/08/2021 21:58;69.0;21.6
;;
20/08/2021 21:58;69.0;21.6
;;
20/08/2021 21:58;69.0;21.6
;;
20/08/2021 21:58;69.0;21.6
;;
20/08/2021 21:58;69.0;21.6
;;
20/08/2021 21:58;69.0;21.6
;;
20/08/2021 21:59;69.0;21.6
;;
20/08/2021 21:59;69.0;21.6
;;
20/08/2021 21:59;69.0;21.6
;;
20/08/2021 21:59;69.0;21.6
;;
20/08/2021 21:59;69.0;21.6
;;
20/08/2021 21:59;69.0;21.6
;;
20/08/2021 21:59;69.0;21.6
;;
20/08/2021 21:59;69.0;21.6
;;
20/08/2021 21:59;69.0;21.5
;;
20/08/2021 21:59;69.0;21.5
;;
20/08/2021 21:59;69.0;21.5
;;
20/08/2021 21:59;69.0;21.5
;;
20/08/2021 21:59;69.0;21.5
;;
20/08/2021 21:59;69.0;21.5
;;
20/08/2021 21:59;70.0;21.5
;;
20/08/2021 21:59;70.0;21.5
;;
20/08/2021 21:59;70.0;21.5
;;
20/08/2021 21:59;70.0;21.5
;;
20/08/2021 21:59;70.0;21.5
;;
20/08/2021 21:59;70.0;21.5
;;
20/08/2021 21:59;70.0;21.5
;;
20/08/2021 21:59;70.0;21.5
;;
20/08/2021 21:59;70.0;21.5
;;
20/08/2021 21:59;70.0;21.5
;;
20/08/2021 21:59;70.0;21.5
;;
20/08/2021 21:59;70.0;21.5
;;
20/08/2021 21:59;70.0;21.5
;;
20/08/2021 21:59;70.0;21.5
;;
20/08/2021 21:59;70.0;21.5
;;
20/08/2021 21:59;70.0;21.5
;;
20/08/2021 21:59;70.0;21.5
;;
20/08/2021 21:59;70.0;21.5
;;
20/08/2021 21:59;70.0;21.5
;;
20/08/2021 21:59;70.0;21.5
;;
20/08/2021 21:59;70.0;21.5
;;
20/08/2021 21:59;70.0;21.5
;;
20/08/2021 21:59;70.0;21.5
;;
20/08/2021 21:59;70.0;21.5
;;
20/08/2021 21:59;70.0;21.5
;;
20/08/2021 21:59;70.0;21.5
;;
20/08/2021 21:59;70.0;21.5
;;
20/08/2021 21:59;70.0;21.5
;;
20/08/2021 21:59;70.0;21.5
;;
20/08/2021 21:59;70.0;21.5
;;
20/08/2021 21:59;70.0;21.5
;;
20/08/2021 21:59;70.0;21.5
;;
20/08/2021 21:59;70.0;21.5
;;
20/08/2021 21:59;70.0;21.5
;;
20/08/2021 21:59;70.0;21.5
;;
20/08/2021 21:59;70.0;21.5
;;
20/08/2021 21:59;70.0;21.5
;;
20/08/2021 21:59;70.0;21.5
;;
20/08/2021 21:59;70.0;21.5
;;
20/08/2021 21:59;70.0;21.5
;;
20/08/2021 21:59;70.0;21.5
;;
20/08/2021 21:59;70.0;21.5
;;
20/08/2021 21:59;70.0;21.5
;;
20/08/2021 21:59;70.0;21.5
;;
20/08/2021 21:59;70.0;21.5
;;
20/08/2021 22:00;70.0;21.5
;;
20/08/2021 22:00;70.0;21.5
;;
20/08/2021 22:00;70.0;21.5
;;
20/08/2021 22:00;70.0;21.5
;;
20/08/2021 22:00;70.0;21.5
;;
20/08/2021 22:00;70.0;21.5
;;
20/08/2021 22:00;70.0;21.5
;;
20/08/2021 22:00;70.0;21.4
;;
20/08/2021 22:00;70.0;21.4
;;
20/08/2021 22:00;70.0;21.5
;;
20/08/2021 22:00;70.0;21.5
;;
20/08/2021 22:00;70.0;21.5
;;
20/08/2021 22:00;70.0;21.5
;;
20/08/2021 22:00;70.0;21.4
;;
20/08/2021 22:00;70.0;21.4
;;
20/08/2021 22:00;70.0;21.4
;;
20/08/2021 22:00;70.0;21.4
;;
20/08/2021 22:00;70.0;21.4
;;
20/08/2021 22:00;70.0;21.4
;;
20/08/2021 22:00;70.0;21.4
;;
20/08/2021 22:00;70.0;21.4
;;
20/08/2021 22:00;70.0;21.4
;;
20/08/2021 22:00;70.0;21.4
;;
20/08/2021 22:00;70.0;21.4
;;
20/08/2021 22:00;70.0;21.4
;;
20/08/2021 22:00;70.0;21.4
;;
20/08/2021 22:00;70.0;21.4
;;
20/08/2021 22:00;70.0;21.4
;;
20/08/2021 22:00;70.0;21.4
;;
20/08/2021 22:00;70.0;21.4
;;
20/08/2021 22:00;70.0;21.4
;;
20/08/2021 22:00;70.0;21.4
;;
20/08/2021 22:00;70.0;21.4
;;
20/08/2021 22:00;70.0;21.4
;;
20/08/2021 22:00;70.0;21.4
;;
20/08/2021 22:00;70.0;21.4
;;
20/08/2021 22:00;70.0;21.4
;;
20/08/2021 22:00;70.0;21.4
;;
20/08/2021 22:00;70.0;21.4
;;
20/08/2021 22:00;70.0;21.4
;;
20/08/2021 22:00;70.0;21.4
;;
20/08/2021 22:00;70.0;21.4
;;
20/08/2021 22:00;70.0;21.4
;;
20/08/2021 22:00;70.0;21.4
;;
20/08/2021 22:00;70.0;21.4
;;
20/08/2021 22:00;70.0;21.4
;;
20/08/2021 22:00;70.0;21.4
;;
20/08/2021 22:00;70.0;21.4
;;
20/08/2021 22:00;70.0;21.4
;;
20/08/2021 22:00;70.0;21.4
;;
20/08/2021 22:00;70.0;21.4
;;
20/08/2021 22:00;70.0;21.4
;;
20/08/2021 22:00;70.0;21.4
;;
20/08/2021 22:00;70.0;21.4
;;
20/08/2021 22:00;70.0;21.4
;;
20/08/2021 22:00;70.0;21.4
;;
20/08/2021 22:00;70.0;21.4
;;
20/08/2021 22:00;70.0;21.4
;;
20/08/2021 22:00;70.0;21.4
;;
20/08/2021 22:00;70.0;21.4
;;
20/08/2021 22:01;70.0;21.4
;;
20/08/2021 22:01;70.0;21.4
;;
20/08/2021 22:01;70.0;21.4
;;
20/08/2021 22:01;70.0;21.4
;;
20/08/2021 22:01;70.0;21.4
;;
20/08/2021 22:01;70.0;21.4
;;
20/08/2021 22:01;70.0;21.4
;;
20/08/2021 22:01;70.0;21.4
;;
20/08/2021 22:01;70.0;21.4
;;
20/08/2021 22:01;70.0;21.4
;;
20/08/2021 22:01;70.0;21.4
;;
20/08/2021 22:01;70.0;21.4
;;
20/08/2021 22:01;70.0;21.4
;;
20/08/2021 22:01;70.0;21.4
;;
20/08/2021 22:01;70.0;21.4
;;
20/08/2021 22:01;70.0;21.4
;;
20/08/2021 22:01;70.0;21.4
;;
20/08/2021 22:01;70.0;21.4
;;
20/08/2021 22:01;70.0;21.4
;;
20/08/2021 22:01;71.0;21.4
;;
20/08/2021 22:01;71.0;21.4
;;
20/08/2021 22:01;71.0;21.4
;;
20/08/2021 22:01;71.0;21.4
;;
20/08/2021 22:01;71.0;21.4
;;
20/08/2021 22:01;71.0;21.4
;;
20/08/2021 22:01;71.0;21.4
;;
20/08/2021 22:01;71.0;21.4
;;
20/08/2021 22:01;71.0;21.4
;;
20/08/2021 22:01;71.0;21.4
;;
20/08/2021 22:01;71.0;21.4
;;
20/08/2021 22:01;71.0;21.4
;;
20/08/2021 22:01;71.0;21.4
;;
20/08/2021 22:01;71.0;21.4
;;
20/08/2021 22:01;71.0;21.4
;;
20/08/2021 22:01;71.0;21.4
;;
20/08/2021 22:01;71.0;21.4
;;
20/08/2021 22:01;71.0;21.4
;;
20/08/2021 22:01;71.0;21.4
;;
20/08/2021 22:01;71.0;21.4
;;
20/08/2021 22:01;71.0;21.4
;;
20/08/2021 22:01;71.0;21.4
;;
20/08/2021 22:01;71.0;21.4
;;
20/08/2021 22:01;71.0;21.4
;;
20/08/2021 22:01;71.0;21.4
;;
20/08/2021 22:01;71.0;21.4
;;
20/08/2021 22:01;71.0;21.4
;;
20/08/2021 22:01;71.0;21.4
;;
20/08/2021 22:01;71.0;21.4
;;
20/08/2021 22:01;71.0;21.4
;;
20/08/2021 22:01;71.0;21.4
;;
20/08/2021 22:01;71.0;21.4
;;
20/08/2021 22:01;71.0;21.4
;;
20/08/2021 22:01;71.0;21.4
;;
20/08/2021 22:01;71.0;21.4
;;
20/08/2021 22:01;71.0;21.4
;;
20/08/2021 22:01;71.0;21.4
;;
20/08/2021 22:01;71.0;21.4
;;
20/08/2021 22:01;71.0;21.4
;;
20/08/2021 22:01;71.0;21.4
;;
20/08/2021 22:02;71.0;21.4
;;
20/08/2021 22:02;71.0;21.4
;;
20/08/2021 22:02;71.0;21.4
;;
20/08/2021 22:02;71.0;21.4
;;
20/08/2021 22:02;71.0;21.4
;;
20/08/2021 22:02;71.0;21.4
;;
20/08/2021 22:02;71.0;21.4
;;
20/08/2021 22:02;71.0;21.4
;;
20/08/2021 22:02;71.0;21.4
;;
20/08/2021 22:02;71.0;21.4
;;
20/08/2021 22:02;71.0;21.4
;;
20/08/2021 22:02;71.0;21.4
;;
20/08/2021 22:02;71.0;21.4
;;
20/08/2021 22:02;71.0;21.4
;;
20/08/2021 22:02;71.0;21.4
;;
20/08/2021 22:02;71.0;21.4
;;
20/08/2021 22:02;71.0;21.4
;;
20/08/2021 22:02;71.0;21.4
;;
20/08/2021 22:02;71.0;21.4
;;
20/08/2021 22:02;71.0;21.4
;;
20/08/2021 22:02;71.0;21.4
;;
20/08/2021 22:02;71.0;21.4
;;
20/08/2021 22:02;71.0;21.4
;;
20/08/2021 22:02;71.0;21.4
;;
20/08/2021 22:02;71.0;21.4
;;
20/08/2021 22:02;71.0;21.4
;;
20/08/2021 22:02;71.0;21.4
;;
20/08/2021 22:02;71.0;21.4
;;
20/08/2021 22:02;71.0;21.4
;;
20/08/2021 22:02;71.0;21.4
;;
20/08/2021 22:02;71.0;21.4
;;
20/08/2021 22:02;71.0;21.4
;;
20/08/2021 22:02;71.0;21.4
;;
20/08/2021 22:02;71.0;21.4
;;
20/08/2021 22:02;71.0;21.4
;;
20/08/2021 22:02;71.0;21.4
;;
20/08/2021 22:02;71.0;21.4
;;
20/08/2021 22:02;71.0;21.4
;;
20/08/2021 22:02;71.0;21.4
;;
20/08/2021 22:02;71.0;21.4
;;
20/08/2021 22:02;71.0;21.4
;;
20/08/2021 22:02;71.0;21.4
;;
20/08/2021 22:02;71.0;21.4
;;
20/08/2021 22:02;71.0;21.4
;;
20/08/2021 22:02;71.0;21.4
;;
20/08/2021 22:02;71.0;21.4
;;
20/08/2021 22:02;71.0;21.4
;;
20/08/2021 22:02;71.0;21.4
;;
20/08/2021 22:02;71.0;21.4
;;
20/08/2021 22:02;71.0;21.4
;;
20/08/2021 22:02;71.0;21.4
;;
20/08/2021 22:02;71.0;21.4
;;
20/08/2021 22:02;71.0;21.4
;;
20/08/2021 22:02;71.0;21.4
;;
20/08/2021 22:02;71.0;21.4
;;
20/08/2021 22:02;71.0;21.4
;;
20/08/2021 22:02;71.0;21.4
;;
20/08/2021 22:02;71.0;21.4
;;
20/08/2021 22:02;71.0;21.4
;;
20/08/2021 22:03;71.0;21.4
;;
20/08/2021 22:03;71.0;21.4
;;
20/08/2021 22:03;71.0;21.4
;;
20/08/2021 22:03;71.0;21.4
;;
20/08/2021 22:03;71.0;21.4
;;
20/08/2021 22:03;71.0;21.4
;;
20/08/2021 22:03;71.0;21.4
;;
20/08/2021 22:03;71.0;21.4
;;
20/08/2021 22:03;71.0;21.4
;;
20/08/2021 22:03;71.0;21.4
;;
20/08/2021 22:03;71.0;21.4
;;
20/08/2021 22:03;71.0;21.4
;;
20/08/2021 22:03;71.0;21.4
;;
20/08/2021 22:03;71.0;21.5
;;
20/08/2021 22:03;71.0;21.5
;;
20/08/2021 22:03;71.0;21.5
;;
20/08/2021 22:03;71.0;21.5
;;
20/08/2021 22:03;71.0;21.5
;;
20/08/2021 22:03;71.0;21.5
;;
20/08/2021 22:03;71.0;21.5
;;
20/08/2021 22:03;71.0;21.5
;;
20/08/2021 22:03;71.0;21.5
;;
20/08/2021 22:03;71.0;21.5
;;
20/08/2021 22:03;71.0;21.6
;;
20/08/2021 22:03;71.0;21.6
;;
20/08/2021 22:03;71.0;21.6
;;
20/08/2021 22:03;71.0;21.6
;;
20/08/2021 22:03;71.0;21.6
;;
20/08/2021 22:03;71.0;21.6
;;
20/08/2021 22:03;71.0;21.6
;;
20/08/2021 22:03;71.0;21.6
;;
20/08/2021 22:03;70.0;21.6
;;
20/08/2021 22:03;70.0;21.6
;;
20/08/2021 22:03;70.0;21.6
;;
20/08/2021 22:03;70.0;21.6
;;
20/08/2021 22:03;70.0;21.6
;;
20/08/2021 22:03;70.0;21.6
;;
20/08/2021 22:03;70.0;21.6
;;
20/08/2021 22:03;70.0;21.6
;;
20/08/2021 22:03;70.0;21.6
;;
20/08/2021 22:03;70.0;21.6
;;
20/08/2021 22:03;70.0;21.6
;;
20/08/2021 22:03;70.0;21.6
;;
20/08/2021 22:03;70.0;21.6
;;
20/08/2021 22:03;70.0;21.6
;;
20/08/2021 22:03;70.0;21.6
;;
20/08/2021 22:03;70.0;21.6
;;
20/08/2021 22:03;70.0;21.6
;;
20/08/2021 22:03;70.0;21.6
;;
20/08/2021 22:03;70.0;21.6
;;
20/08/2021 22:03;70.0;21.6
;;
20/08/2021 22:03;70.0;21.6
;;
20/08/2021 22:03;70.0;21.6
;;
20/08/2021 22:03;70.0;21.6
;;
20/08/2021 22:03;70.0;21.6
;;
20/08/2021 22:03;70.0;21.6
;;
20/08/2021 22:03;70.0;21.6
;;
20/08/2021 22:03;70.0;21.6
;;
20/08/2021 22:03;70.0;21.6
;;
20/08/2021 22:04;70.0;21.6
;;
20/08/2021 22:04;70.0;21.6
;;
20/08/2021 22:04;70.0;21.6
;;
20/08/2021 22:04;70.0;21.6
;;
20/08/2021 22:04;70.0;21.6
;;
20/08/2021 22:04;70.0;21.6
;;
20/08/2021 22:04;70.0;21.6
;;
20/08/2021 22:04;70.0;21.6
;;
20/08/2021 22:04;70.0;21.6
;;
20/08/2021 22:04;70.0;21.6
;;
20/08/2021 22:04;70.0;21.6
;;
20/08/2021 22:04;70.0;21.6
;;
20/08/2021 22:04;70.0;21.6
;;
20/08/2021 22:04;70.0;21.6
;;
20/08/2021 22:04;70.0;21.6
;;
20/08/2021 22:04;70.0;21.6
;;
20/08/2021 22:04;70.0;21.6
;;
20/08/2021 22:04;70.0;21.6
;;
20/08/2021 22:04;70.0;21.6
;;
20/08/2021 22:04;70.0;21.6
;;
20/08/2021 22:04;70.0;21.6
;;
20/08/2021 22:04;70.0;21.6
;;
20/08/2021 22:04;70.0;21.6
;;
20/08/2021 22:04;70.0;21.6
;;
20/08/2021 22:04;70.0;21.6
;;
20/08/2021 22:04;70.0;21.6
;;
20/08/2021 22:04;70.0;21.6
;;
20/08/2021 22:04;70.0;21.6
;;
20/08/2021 22:04;70.0;21.6
;;
20/08/2021 22:04;70.0;21.6
;;
20/08/2021 22:04;70.0;21.6
;;
20/08/2021 22:04;70.0;21.6
;;
20/08/2021 22:04;70.0;21.6
;;
20/08/2021 22:04;70.0;21.6
;;
20/08/2021 22:04;70.0;21.6
;;
20/08/2021 22:04;70.0;21.6
;;
20/08/2021 22:04;70.0;21.6
;;
20/08/2021 22:04;70.0;21.6
;;
20/08/2021 22:04;70.0;21.6
;;
20/08/2021 22:04;70.0;21.6
;;
20/08/2021 22:04;70.0;21.6
;;
20/08/2021 22:04;70.0;21.6
;;
20/08/2021 22:04;70.0;21.6
;;
20/08/2021 22:04;70.0;21.6
;;
20/08/2021 22:04;70.0;21.6
;;
20/08/2021 22:04;70.0;21.6
;;
20/08/2021 22:04;70.0;21.6
;;
20/08/2021 22:04;70.0;21.6
;;
20/08/2021 22:04;70.0;21.6
;;
20/08/2021 22:04;70.0;21.6
;;
20/08/2021 22:04;70.0;21.6
;;
20/08/2021 22:04;70.0;21.6
;;
20/08/2021 22:04;70.0;21.5
;;
20/08/2021 22:04;70.0;21.5
;;
20/08/2021 22:04;70.0;21.6
;;
20/08/2021 22:04;70.0;21.6
;;
20/08/2021 22:04;70.0;21.6
;;
20/08/2021 22:04;70.0;21.6
;;
20/08/2021 22:04;70.0;21.5
;;
20/08/2021 22:05;70.0;21.5
;;
20/08/2021 22:05;70.0;21.5
;;
20/08/2021 22:05;70.0;21.5
;;
20/08/2021 22:05;70.0;21.5
;;
20/08/2021 22:05;70.0;21.5
;;
20/08/2021 22:05;70.0;21.5
;;
20/08/2021 22:05;70.0;21.5
;;
20/08/2021 22:05;70.0;21.5
;;
20/08/2021 22:05;70.0;21.5
;;
20/08/2021 22:05;70.0;21.5
;;
20/08/2021 22:05;70.0;21.5
;;
20/08/2021 22:05;70.0;21.5
;;
20/08/2021 22:05;70.0;21.5
;;
20/08/2021 22:05;70.0;21.5
;;
20/08/2021 22:05;70.0;21.5
;;
20/08/2021 22:05;70.0;21.5
;;
20/08/2021 22:05;70.0;21.5
;;
20/08/2021 22:05;70.0;21.5
;;
20/08/2021 22:05;70.0;21.5
;;
20/08/2021 22:05;70.0;21.5
;;
20/08/2021 22:05;70.0;21.5
;;
20/08/2021 22:05;70.0;21.5
;;
20/08/2021 22:05;70.0;21.5
;;
20/08/2021 22:05;70.0;21.5
;;
20/08/2021 22:05;70.0;21.5
;;
20/08/2021 22:05;70.0;21.5
;;
20/08/2021 22:05;70.0;21.5
;;
20/08/2021 22:05;70.0;21.5
;;
20/08/2021 22:05;70.0;21.5
;;
20/08/2021 22:05;70.0;21.5
;;
20/08/2021 22:05;70.0;21.5
;;
20/08/2021 22:05;70.0;21.5
;;
20/08/2021 22:05;70.0;21.5
;;
20/08/2021 22:05;70.0;21.5
;;
20/08/2021 22:05;70.0;21.5
;;
20/08/2021 22:05;70.0;21.5
;;
20/08/2021 22:05;70.0;21.5
;;
20/08/2021 22:05;70.0;21.5
;;
20/08/2021 22:05;70.0;21.5
;;
20/08/2021 22:05;70.0;21.5
;;
20/08/2021 22:05;70.0;21.5
;;
20/08/2021 22:05;70.0;21.5
;;
20/08/2021 22:05;70.0;21.5
;;
20/08/2021 22:05;70.0;21.5
;;
20/08/2021 22:05;70.0;21.5
;;
20/08/2021 22:05;70.0;21.5
;;
20/08/2021 22:05;70.0;21.5
;;
20/08/2021 22:05;70.0;21.5
;;
20/08/2021 22:05;70.0;21.5
;;
20/08/2021 22:05;70.0;21.5
;;
20/08/2021 22:05;70.0;21.5
;;
20/08/2021 22:05;70.0;21.5
;;
20/08/2021 22:05;70.0;21.5
;;
20/08/2021 22:05;70.0;21.5
;;
20/08/2021 22:05;70.0;21.5
;;
20/08/2021 22:05;70.0;21.5
;;
20/08/2021 22:05;70.0;21.5
;;
20/08/2021 22:05;70.0;21.5
;;
20/08/2021 22:05;70.0;21.5
;;
20/08/2021 22:06;70.0;21.5
;;
20/08/2021 22:06;70.0;21.5
;;
20/08/2021 22:06;71.0;21.5
;;
20/08/2021 22:06;71.0;21.5
;;
20/08/2021 22:06;70.0;21.5
;;
20/08/2021 22:06;70.0;21.5
;;
20/08/2021 22:06;71.0;21.5
;;
20/08/2021 22:06;71.0;21.5
;;
20/08/2021 22:06;70.0;21.5
;;
20/08/2021 22:06;70.0;21.5
